WKT,nombre,descripci√≥n,
POINT (-77.0501313 38.8921577),Nodo 1,[Constitution Ave. NW, 23rd St NW]
POINT (-77.0488599 38.8921076),Nodo 2,,
POINT (-77.0480463 38.8920871),Nodo 3,,
POINT (-77.0466926 38.8921269),Nodo 4,,
POINT (-77.0449599 38.8921101),Nodo 5,,
POINT (-77.0434929 38.892113),Nodo 6,,
POINT (-77.0417252 38.8921059),Nodo 7,,
POINT (-77.0406955 38.8921024),Nodo 8,,
POINT (-77.0394761 38.8921094),Nodo 9,,
POINT (-77.0365573 38.8920949),Nodo 10,,
POINT (-77.0336554 38.8920805),Nodo 11,,
POINT (-77.0319674 38.892093),Nodo 12,,
POINT (-77.0281449 38.8920829),Nodo 13,,
POINT (-77.0259669 38.8920871),Nodo 14,,
POINT (-77.0239875 38.8920746),Nodo 15,,
POINT (-77.0199123 38.8921138),Nodo 16,,
POINT (-77.0501427 38.8934657),Nodo 17,,
POINT (-77.0488603 38.893544),Nodo 18,,
POINT (-77.0467438 38.8935403),Nodo 19,,
POINT (-77.0449289 38.8935182),Nodo 20,,
POINT (-77.0440663 38.8938163),Nodo 21,,
POINT (-77.0434268 38.8935219),Nodo 22,,
POINT (-77.0417638 38.8926389),Nodo 23,,
POINT (-77.0417424 38.8935449),Nodo 24,,
POINT (-77.0395108 38.8935532),Nodo 25,,
POINT (-77.0501465 38.8953311),Nodo 26,,
POINT (-77.0496834 38.8958074),Nodo 27,,
POINT (-77.0501136 38.8959994),Nodo 28,,
POINT (-77.0482038 38.8960328),Nodo 29,,
POINT (-77.0467106 38.8953105),Nodo 30,,
POINT (-77.0451821 38.8945381),Nodo 31,,
POINT (-77.046679 38.8960182),Nodo 32,,
POINT (-77.0449302 38.8954003),Nodo 33,,
POINT (-77.0435569 38.895442),Nodo 34,,
POINT (-77.0449202 38.895932),Nodo 35,,
POINT (-77.0434845 38.8959785),Nodo 36,,
POINT (-77.0417196 38.8960161),Nodo 37,,
POINT (-77.0395812 38.896627),Nodo 38,,
POINT (-77.0417974 38.8954504),Nodo 39,,
POINT (-77.0417115 38.8943314),Nodo 40,,
POINT (-77.0395121 38.8943565),Nodo 41,,
POINT (-77.039555 38.8954003),Nodo 42,,
POINT (-77.0336113 38.8954914),Nodo 43,,
POINT (-77.0319805 38.8955248),Nodo 44,,
POINT (-77.0319887 38.8946289),Nodo 45,,
POINT (-77.0307066 38.8946497),Nodo 46,,
POINT (-77.0307709 38.8954472),Nodo 47,,
POINT (-77.0296712 38.8955098),Nodo 48,,
POINT (-77.0281263 38.8950422),Nodo 49,,
POINT (-77.0270749 38.8947666),Nodo 50,,
POINT (-77.02704 38.8940632),Nodo 51,,
POINT (-77.0260315 38.8945031),Nodo 52,,
POINT (-77.0239823 38.8939353),Nodo 53,,
POINT (-77.0219116 38.8933341),Nodo 54,,
POINT (-77.0199482 38.892808),Nodo 55,,
POINT (-77.0479508 38.9006757),Nodo 56,,
POINT (-77.0478516 38.9007153),Nodo 57,,
POINT (-77.046658 38.9000975),Nodo 58,,
POINT (-77.0501065 38.8971031),Nodo 59,,
POINT (-77.0500742 38.897362),Nodo 60,,
POINT (-77.0497278 38.8973899),Nodo 61,,
POINT (-77.0488642 38.8973648),Nodo 62,,
POINT (-77.0488605 38.8966038),Nodo 63,,
POINT (-77.0466826 38.8973637),Nodo 64,,
POINT (-77.0449514 38.8973518),Nodo 65,,
POINT (-77.043509 38.8973518),Nodo 66,,
POINT (-77.0417066 38.8973267),Nodo 67,,
POINT (-77.039593 38.8973601),Nodo 68,,
POINT (-77.0336707 38.8973935),Nodo 69,,
POINT (-77.0320144 38.8973685),Nodo 70,,
POINT (-77.0320037 38.8961828),Nodo 71,,
POINT (-77.0296449 38.8961872),Nodo 72,,
POINT (-77.0296341 38.8973813),Nodo 73,,
POINT (-77.0280463 38.8973395),Nodo 74,,
POINT (-77.0281643 38.8962039),Nodo 75,,
POINT (-77.02707 38.8961872),Nodo 76,,
POINT (-77.0270807 38.8973479),Nodo 77,,
POINT (-77.0260078 38.8973646),Nodo 78,,
POINT (-77.0260078 38.8961705),Nodo 79,,
POINT (-77.0239908 38.8961622),Nodo 80,,
POINT (-77.0240336 38.8948095),Nodo 81,,
POINT (-77.0230216 38.8948609),Nodo 82,,
POINT (-77.0229786 38.8961427),Nodo 83,,
POINT (-77.0239281 38.897295),Nodo 84,,
POINT (-77.0230108 38.8971698),Nodo 85,,
POINT (-77.0219245 38.8971843),Nodo 86,,
POINT (-77.0219111 38.8960842),Nodo 87,,
POINT (-77.0219058 38.8948234),Nodo 88,,
POINT (-77.0199608 38.8947993),Nodo 89,,
POINT (-77.0199329 38.8961129),Nodo 90,,
POINT (-77.0219257 38.8973383),Nodo 91,,
POINT (-77.0199141 38.8973411),Nodo 92,,
POINT (-77.0501348 38.8983199),Nodo 93,,
POINT (-77.0488419 38.8983282),Nodo 94,,
POINT (-77.0466854 38.8983157),Nodo 95,,
POINT (-77.0466568 38.8978555),Nodo 96,,
POINT (-77.0449402 38.8978555),Nodo 97,,
POINT (-77.0449188 38.8983272),Nodo 98,,
POINT (-77.0434757 38.8983356),Nodo 99,,
POINT (-77.0417001 38.8983314),Nodo 100,,
POINT (-77.03949 38.8983022),Nodo 101,,
POINT (-77.0336866 38.898328),Nodo 102,,
POINT (-77.0320237 38.8983364),Nodo 103,,
POINT (-77.0296848 38.8983113),Nodo 104,,
POINT (-77.0281291 38.898328),Nodo 105,,
POINT (-77.0270348 38.8983447),Nodo 106,,
POINT (-77.0260477 38.8983447),Nodo 107,,
POINT (-77.0239797 38.8982926),Nodo 108,,
POINT (-77.0239796 38.8984394),Nodo 109,,
POINT (-77.0229453 38.8984582),Nodo 110,,
POINT (-77.0219358 38.8984706),Nodo 111,,
POINT (-77.0501285 38.8995681),Nodo 112,,
POINT (-77.0488571 38.8995806),Nodo 113,,
POINT (-77.0466577 38.8995973),Nodo 114,,
POINT (-77.0449339 38.8995897),Nodo 115,,
POINT (-77.0434747 38.8995939),Nodo 116,,
POINT (-77.0420585 38.8996941),Nodo 117,,
POINT (-77.0416669 38.8995668),Nodo 118,,
POINT (-77.0394738 38.8988113),Nodo 119,,
POINT (-77.0500739 38.9007192),Nodo 120,,
POINT (-77.0488383 38.9006882),Nodo 121,,
POINT (-77.0466684 38.9006903),Nodo 122,,
POINT (-77.0452692 38.9008114),Nodo 123,,
POINT (-77.0448991 38.9007133),Nodo 124,,
POINT (-77.0435043 38.900179),Nodo 125,,
POINT (-77.0433031 38.9001811),Nodo 126,,
POINT (-77.0428782 38.9000089),Nodo 127,,
POINT (-77.0423757 38.9002085),Nodo 128,,
POINT (-77.040709 38.8992893),Nodo 129,,
POINT (-77.0416999 38.9002168),Nodo 130,,
POINT (-77.0394415 38.9002272),Nodo 131,,
POINT (-77.037984 38.900248),Nodo 132,,
POINT (-77.03655 38.9002417),Nodo 133,,
POINT (-77.0351365 38.9002486),Nodo 134,,
POINT (-77.033653 38.9002063),Nodo 135,,
POINT (-77.0336622 38.8988452),Nodo 136,,
POINT (-77.0319341 38.8993691),Nodo 137,,
POINT (-77.0319065 38.9002213),Nodo 138,,
POINT (-77.0303401 38.9000167),Nodo 139,,
POINT (-77.0296105 38.8998288),Nodo 140,,
POINT (-77.0296588 38.8990231),Nodo 141,,
POINT (-77.0280656 38.8990732),Nodo 142,,
POINT (-77.028087 38.8998247),Nodo 143,,
POINT (-77.0270585 38.899809),Nodo 144,,
POINT (-77.0259749 38.8997965),Nodo 145,,
POINT (-77.0259803 38.89907),Nodo 146,,
POINT (-77.0240008 38.8990512),Nodo 147,,
POINT (-77.0239689 38.8998149),Nodo 148,,
POINT (-77.022958 38.8997994),Nodo 149,,
POINT (-77.0219548 38.8998077),Nodo 150,,
POINT (-77.0199271 38.8998035),Nodo 151,,
POINT (-77.0199271 38.8983256),Nodo 152,,
POINT (-77.0501445 38.9019738),Nodo 153,,
POINT (-77.0492969 38.9021449),Nodo 154,,
POINT (-77.0488141 38.90198),Nodo 155,,
POINT (-77.0466683 38.9013183),Nodo 156,,
POINT (-77.02191 38.8920746),Nodo 157,,
POINT (-77.021903 38.8938986),Nodo 158,,
POINT (-77.0199074 38.8944205),Nodo 159,,
POINT (-77.0463291 38.9012139),Nodo 160,,
POINT (-77.0449076 38.9013475),Nodo 161,,
POINT (-77.0434645 38.9013433),Nodo 162,,
POINT (-77.0417211 38.9013058),Nodo 163,,
POINT (-77.0474714 38.8956294),Nodo 164,,
POINT (-77.0449254 38.8960214),Nodo 165,,
POINT (-77.044389 38.8959943),Nodo 166,,
POINT (-77.039446 38.9007949),Nodo 167,,
POINT (-77.0385186 38.9013434),Nodo 168,,
POINT (-77.0365606 38.9013308),Nodo 169,,
POINT (-77.0345972 38.9013183),Nodo 170,,
POINT (-77.0336423 38.9013601),Nodo 171,,
POINT (-77.0319364 38.9013308),Nodo 172,,
POINT (-77.0295761 38.9013183),Nodo 173,,
POINT (-77.0296127 38.9002454),Nodo 174,,
POINT (-77.0280893 38.9007714),Nodo 175,,
POINT (-77.0280463 38.9013225),Nodo 176,,
POINT (-77.0271061 38.9013735),Nodo 177,,
POINT (-77.0270793 38.9010792),Nodo 178,,
POINT (-77.0270203 38.9003277),Nodo 179,,
POINT (-77.0260169 38.9003468),Nodo 180,,
POINT (-77.0259901 38.9008937),Nodo 181,,
POINT (-77.0260223 38.901403),Nodo 182,,
POINT (-77.0239999 38.9021043),Nodo 183,,
POINT (-77.0239463 38.9009187),Nodo 184,,
POINT (-77.0229324 38.9008853),Nodo 185,,
POINT (-77.0219614 38.900877),Nodo 186,,
POINT (-77.0219056 38.9021343),Nodo 187,,
POINT (-77.0199283 38.9008895),Nodo 188,,
POINT (-77.0219095 38.9024498),Nodo 189,,
POINT (-77.0199864 38.9024831),Nodo 190,,
POINT (-77.0220034 38.9028484),Nodo 191,,
POINT (-77.0200934 38.9034759),Nodo 192,,
POINT (-77.0494474 38.9025095),Nodo 193,,
POINT (-77.0492203 38.9023507),Nodo 194,,
POINT (-77.0488234 38.9021443),Nodo 195,,
POINT (-77.0479302 38.9017581),Nodo 196,,
POINT (-77.048818 38.9023759),Nodo 197,,
POINT (-77.0466534 38.902377),Nodo 198,,
POINT (-77.0459722 38.9024073),Nodo 199,,
POINT (-77.0454419 38.9024072),Nodo 200,,
POINT (-77.0449049 38.9023906),Nodo 201,,
POINT (-77.0440558 38.9024097),Nodo 202,,
POINT (-77.0434791 38.9023837),Nodo 203,,
POINT (-77.0434543 38.9031727),Nodo 204,,
POINT (-77.0430298 38.9024144),Nodo 205,,
POINT (-77.0424214 38.9024046),Nodo 206,,
POINT (-77.0416907 38.9024078),Nodo 207,,
POINT (-77.0412255 38.9024118),Nodo 208,,
POINT (-77.0406542 38.9024186),Nodo 209,,
POINT (-77.0395021 38.9023883),Nodo 210,,
POINT (-77.0395172 38.9013367),Nodo 211,,
POINT (-77.0394034 38.9013359),Nodo 212,,
POINT (-77.0393913 38.9023986),Nodo 213,,
POINT (-77.0486357 38.902428),Nodo 214,,
POINT (-77.0494431 38.9027265),Nodo 215,,
POINT (-77.0488315 38.9026347),Nodo 216,,
POINT (-77.048625 38.9026368),Nodo 217,,
POINT (-77.0499965 38.9025329),Nodo 218,,
POINT (-77.0500018 38.9024702),Nodo 219,,
POINT (-77.0466397 38.902559),Nodo 220,,
POINT (-77.0466462 38.9024852),Nodo 221,,
POINT (-77.0464363 38.9025262),Nodo 222,,
POINT (-77.0460826 38.9025329),Nodo 223,,
POINT (-77.0453028 38.9025235),Nodo 224,,
POINT (-77.0450915 38.9025293),Nodo 225,,
POINT (-77.0449003 38.9025197),Nodo 226,,
POINT (-77.0443741 38.9025307),Nodo 227,,
POINT (-77.0438711 38.9025097),Nodo 228,,
POINT (-77.0436646 38.9025285),Nodo 229,,
POINT (-77.043454 38.9025379),Nodo 230,,
POINT (-77.0431979 38.9025212),Nodo 231,,
POINT (-77.042868 38.9025442),Nodo 232,,
POINT (-77.0423114 38.9025076),Nodo 233,,
POINT (-77.0421988 38.9025546),Nodo 234,,
POINT (-77.0416838 38.9025243),Nodo 235,,
POINT (-77.0413485 38.902516),Nodo 236,,
POINT (-77.0410768 38.9025453),Nodo 237,,
POINT (-77.040492 38.9025129),Nodo 238,,
POINT (-77.0395117 38.9025202),Nodo 239,,
POINT (-77.039391 38.9025369),Nodo 240,,
POINT (-77.0466736 38.902666),Nodo 241,,
POINT (-77.0460514 38.9026493),Nodo 242,,
POINT (-77.0452108 38.9026493),Nodo 243,,
POINT (-77.0449131 38.9026514),Nodo 244,,
POINT (-77.0442479 38.9026431),Nodo 245,,
POINT (-77.0438322 38.9026493),Nodo 246,,
POINT (-77.0434719 38.9026598),Nodo 247,,
POINT (-77.0427477 38.9026514),Nodo 248,,
POINT (-77.0423069 38.902669),Nodo 249,,
POINT (-77.0417276 38.9026649),Nodo 250,,
POINT (-77.0407627 38.9026467),Nodo 251,,
POINT (-77.039541 38.902654),Nodo 252,,
POINT (-77.0393854 38.9026409),Nodo 253,,
POINT (-77.038511 38.9025239),Nodo 254,,
POINT (-77.0370499 38.9025361),Nodo 255,,
POINT (-77.0365568 38.9025407),Nodo 256,,
POINT (-77.0355322 38.9025407),Nodo 257,,
POINT (-77.034588 38.9025199),Nodo 258,,
POINT (-77.0384933 38.9024162),Nodo 259,,
POINT (-77.0372649 38.9024371),Nodo 260,,
POINT (-77.036546 38.9024162),Nodo 261,,
POINT (-77.0355483 38.9024162),Nodo 262,,
POINT (-77.0345773 38.9024162),Nodo 263,,
POINT (-77.039368 38.9027867),Nodo 264,,
POINT (-77.0385101 38.9026484),Nodo 265,,
POINT (-77.0372681 38.9026431),Nodo 266,,
POINT (-77.0365415 38.9026452),Nodo 267,,
POINT (-77.0355256 38.9026362),Nodo 268,,
POINT (-77.0345741 38.902638),Nodo 269,,
POINT (-77.033639 38.902638),Nodo 270,,
POINT (-77.0336384 38.9025141),Nodo 271,,
POINT (-77.0336384 38.9024149),Nodo 272,,
POINT (-77.033157 38.9024138),Nodo 273,,
POINT (-77.0327292 38.9024097),Nodo 274,,
POINT (-77.0319589 38.9024007),Nodo 275,,
POINT (-77.0331637 38.9025204),Nodo 276,,
POINT (-77.0327051 38.9025267),Nodo 277,,
POINT (-77.0319713 38.9025208),Nodo 278,,
POINT (-77.0319839 38.9026408),Nodo 279,,
POINT (-77.030698 38.9026393),Nodo 280,,
POINT (-77.0305585 38.9025182),Nodo 281,,
POINT (-77.0296479 38.9026288),Nodo 282,,
POINT (-77.0296747 38.9025307),Nodo 283,,
POINT (-77.029653 38.9024001),Nodo 284,,
POINT (-77.0296208 38.9018741),Nodo 285,,
POINT (-77.0280678 38.9018866),Nodo 286,,
POINT (-77.0290749 38.9025243),Nodo 287,,
POINT (-77.0286056 38.902541),Nodo 288,,
POINT (-77.0282891 38.9025305),Nodo 289,,
POINT (-77.0289381 38.9024303),Nodo 290,,
POINT (-77.0284554 38.9024178),Nodo 291,,
POINT (-77.0280745 38.9024053),Nodo 292,,
POINT (-77.0286324 38.9026537),Nodo 293,,
POINT (-77.0280939 38.9026428),Nodo 294,,
POINT (-77.0271122 38.9025379),Nodo 295,,
POINT (-77.0260178 38.902517),Nodo 296,,
POINT (-77.024033 38.9025337),Nodo 297,,
POINT (-77.0239925 38.9029718),Nodo 298,,
POINT (-77.0497382 38.9030099),Nodo 299,,
POINT (-77.0489979 38.9037446),Nodo 300,,
POINT (-77.0488155 38.903753),Nodo 301,,
POINT (-77.046649 38.9037428),Nodo 302,,
POINT (-77.0448968 38.903736),Nodo 303,,
POINT (-77.0434752 38.9037506),Nodo 304,,
POINT (-77.0416814 38.9037412),Nodo 305,,
POINT (-77.040174 38.9037537),Nodo 306,,
POINT (-77.0399085 38.9037578),Nodo 307,,
POINT (-77.0385235 38.9037236),Nodo 308,,
POINT (-77.0365562 38.9037361),Nodo 309,,
POINT (-77.0345727 38.9037499),Nodo 310,,
POINT (-77.0330802 38.9037394),Nodo 311,,
POINT (-77.0320123 38.9037195),Nodo 312,,
POINT (-77.0296491 38.9037279),Nodo 313,,
POINT (-77.0280988 38.9037487),Nodo 314,,
POINT (-77.0271332 38.9037487),Nodo 315,,
POINT (-77.0267277 38.9038335),Nodo 316,,
POINT (-77.0259767 38.9035872),Nodo 317,,
POINT (-77.0260521 38.9041866),Nodo 318,,
POINT (-77.0240458 38.9041532),Nodo 319,,
POINT (-77.021943 38.9041949),Nodo 320,,
POINT (-77.0199206 38.9041908),Nodo 321,,
POINT (-77.0497005 38.8983214),Nodo 322,,
POINT (-77.0488348 38.9052691),Nodo 323,,
POINT (-77.0475493 38.9052669),Nodo 324,,
POINT (-77.0466454 38.9056197),Nodo 325,,
POINT (-77.0448879 38.9056565),Nodo 326,,
POINT (-77.0434917 38.9056584),Nodo 327,,
POINT (-77.0434567 38.9046387),Nodo 328,,
POINT (-77.0425341 38.9046262),Nodo 329,,
POINT (-77.0425153 38.904167),Nodo 330,,
POINT (-77.0417026 38.9046387),Nodo 331,,
POINT (-77.042289 38.9056714),Nodo 332,,
POINT (-77.0417043 38.9056672),Nodo 333,,
POINT (-77.0412242 38.905662),Nodo 334,,
POINT (-77.0410239 38.9056718),Nodo 335,,
POINT (-77.0406796 38.9047222),Nodo 336,,
POINT (-77.0405133 38.9047619),Nodo 337,,
POINT (-77.0405273 38.9058561),Nodo 338,,
POINT (-77.0403234 38.9056432),Nodo 339,,
POINT (-77.0390681 38.9056557),Nodo 340,,
POINT (-77.0385237 38.9056369),Nodo 341,,
POINT (-77.0385168 38.905141),Nodo 342,,
POINT (-77.0385248 38.9047424),Nodo 343,,
POINT (-77.0384819 38.9047215),Nodo 344,,
POINT (-77.036575 38.9047078),Nodo 345,,
POINT (-77.0371651 38.9056762),Nodo 346,,
POINT (-77.0365952 38.9056418),Nodo 347,,
POINT (-77.0364664 38.9056543),Nodo 348,,
POINT (-77.0345779 38.9056459),Nodo 349,,
POINT (-77.0345655 38.9047005),Nodo 350,,
POINT (-77.0326557 38.9044333),Nodo 351,,
POINT (-77.0355337 38.9037328),Nodo 352,,
POINT (-77.0324597 38.9056412),Nodo 353,,
POINT (-77.0322504 38.9053657),Nodo 354,,
POINT (-77.0323738 38.9049733),Nodo 355,,
POINT (-77.0320681 38.9050276),Nodo 356,,
POINT (-77.0319071 38.9050944),Nodo 357,,
POINT (-77.031708 38.9053631),Nodo 358,,
POINT (-77.0318722 38.9043753),Nodo 359,,
POINT (-77.0319702 38.9042626),Nodo 360,,
POINT (-77.0319816 38.9041312),Nodo 361,,
POINT (-77.0327085 38.9043305),Nodo 362,,
POINT (-77.0315053 38.9056204),Nodo 363,,
POINT (-77.0315023 38.9056627),Nodo 364,,
POINT (-77.0305319 38.9050541),Nodo 365,,
POINT (-77.0299309 38.9048909),Nodo 366,,
POINT (-77.0299188 38.9050015),Nodo 367,,
POINT (-77.0296122 38.9048854),Nodo 368,,
POINT (-77.0296128 38.9047957),Nodo 369,,
POINT (-77.0280859 38.9043088),Nodo 370,,
POINT (-77.0275307 38.9041627),Nodo 371,,
POINT (-77.0271149 38.9039769),Nodo 372,,
POINT (-77.0270371 38.9041773),Nodo 373,,
POINT (-77.029623 38.9052584),Nodo 374,,
POINT (-77.0280974 38.9050079),Nodo 375,,
POINT (-77.0296346 38.9056281),Nodo 376,,
POINT (-77.0280789 38.9056511),Nodo 377,,
POINT (-77.0270462 38.9056406),Nodo 378,,
POINT (-77.0260014 38.9056566),Nodo 379,,
POINT (-77.0260041 38.9050617),Nodo 380,,
POINT (-77.025009 38.9056482),Nodo 381,,
POINT (-77.0239455 38.9056607),Nodo 382,,
POINT (-77.0219606 38.905644),Nodo 383,,
POINT (-77.0199233 38.905632),Nodo 384,,
POINT (-77.0209747 38.9041709),Nodo 385,,
POINT (-77.0466514 38.9062103),Nodo 386,,
POINT (-77.0466728 38.9072372),Nodo 387,,
POINT (-77.0457072 38.9072247),Nodo 388,,
POINT (-77.0448918 38.9072414),Nodo 389,,
POINT (-77.0449133 38.9064482),Nodo 390,,
POINT (-77.0434864 38.9064441),Nodo 391,,
POINT (-77.0434381 38.9072539),Nodo 392,,
POINT (-77.0421627 38.9072497),Nodo 393,,
POINT (-77.0419682 38.9072581),Nodo 394,,
POINT (-77.0416902 38.9064611),Nodo 395,,
POINT (-77.041697 38.9068378),Nodo 396,,
POINT (-77.0415441 38.9065206),Nodo 397,,
POINT (-77.0422728 38.9064653),Nodo 398,,
POINT (-77.0416801 38.9072626),Nodo 399,,
POINT (-77.0406528 38.9072439),Nodo 400,,
POINT (-77.0406145 38.9065716),Nodo 401,,
POINT (-77.0402819 38.9059455),Nodo 402,,
POINT (-77.0392126 38.9062909),Nodo 403,,
POINT (-77.0385018 38.9065434),Nodo 404,,
POINT (-77.0385259 38.9068544),Nodo 405,,
POINT (-77.0385011 38.9072515),Nodo 406,,
POINT (-77.0376737 38.9072354),Nodo 407,,
POINT (-77.0376549 38.9068534),Nodo 408,,
POINT (-77.0373062 38.9069797),Nodo 409,,
POINT (-77.0367759 38.9070578),Nodo 410,,
POINT (-77.0369874 38.9072171),Nodo 411,,
POINT (-77.0366106 38.9061636),Nodo 412,,
POINT (-77.0364515 38.9061636),Nodo 413,,
POINT (-77.0363371 38.90703),Nodo 414,,
POINT (-77.0361017 38.9072319),Nodo 415,,
POINT (-77.0355884 38.9069157),Nodo 416,,
POINT (-77.0354098 38.9068631),Nodo 417,,
POINT (-77.0353792 38.9072438),Nodo 418,,
POINT (-77.035406 38.9076059),Nodo 419,,
POINT (-77.0376395 38.9076348),Nodo 420,,
POINT (-77.0373606 38.9075346),Nodo 421,,
POINT (-77.0367866 38.907471),Nodo 422,,
POINT (-77.0362682 38.9074418),Nodo 423,,
POINT (-77.0357325 38.9075305),Nodo 424,,
POINT (-77.0345698 38.9079295),Nodo 425,,
POINT (-77.0345751 38.9072408),Nodo 426,,
POINT (-77.0345563 38.9066083),Nodo 427,,
POINT (-77.0350257 38.9067304),Nodo 428,,
POINT (-77.0345684 38.9065134),Nodo 429,,
POINT (-77.0338756 38.9062596),Nodo 430,,
POINT (-77.03383 38.9063579),Nodo 431,,
POINT (-77.0323939 38.9056812),Nodo 432,,
POINT (-77.0322685 38.905904),Nodo 433,,
POINT (-77.032118 38.9059709),Nodo 434,,
POINT (-77.0316319 38.9058838),Nodo 435,,
POINT (-77.0505811 38.9020914),Nodo 436,,
POINT (-77.0508171 38.9023586),Nodo 437,,
POINT (-77.0508088 38.9025644),Nodo 438,,
POINT (-77.0505316 38.9029666),Nodo 439,,
POINT (-77.0501903 38.9030982),Nodo 440,,
POINT (-77.0500935 38.9037618),Nodo 441,,
POINT (-77.0501632 38.9052354),Nodo 442,,
POINT (-77.050096 38.9072476),Nodo 443,,
POINT (-77.0487871 38.9072434),Nodo 444,,
POINT (-77.0476381 38.9072383),Nodo 445,,
POINT (-77.0480198 38.9065373),Nodo 446,,
POINT (-77.0480268 38.9064466),Nodo 447,,
POINT (-77.0473321 38.9065342),Nodo 448,,
POINT (-77.0475145 38.9061585),Nodo 449,,
POINT (-77.0469915 38.9058642),Nodo 450,,
POINT (-77.0487856 38.906431),Nodo 451,,
POINT (-77.0493282 38.9085667),Nodo 452,,
POINT (-77.0488347 38.908525),Nodo 453,,
POINT (-77.0488347 38.9079281),Nodo 454,,
POINT (-77.0482822 38.9079281),Nodo 455,,
POINT (-77.0467158 38.9079114),Nodo 456,,
POINT (-77.0466299 38.9085959),Nodo 457,,
POINT (-77.0457931 38.9086168),Nodo 458,,
POINT (-77.0449133 38.9085834),Nodo 459,,
POINT (-77.044452 38.9086001),Nodo 460,,
POINT (-77.0449133 38.908095),Nodo 461,,
POINT (-77.0449133 38.9079114),Nodo 462,,
POINT (-77.0435025 38.9079114),Nodo 463,,
POINT (-77.0435219 38.9090129),Nodo 464,,
POINT (-77.0437818 38.909083),Nodo 465,,
POINT (-77.0440292 38.9092278),Nodo 466,,
POINT (-77.0442399 38.9095656),Nodo 467,,
POINT (-77.0442868 38.9097033),Nodo 468,,
POINT (-77.0442144 38.9097952),Nodo 469,,
POINT (-77.0438441 38.9092153),Nodo 470,,
POINT (-77.0441384 38.9088997),Nodo 471,,
POINT (-77.0501301 38.9044923),Nodo 472,,
POINT (-77.0493688 38.9096435),Nodo 473,,
POINT (-77.0488216 38.9096435),Nodo 474,,
POINT (-77.048768 38.9092136),Nodo 475,,
POINT (-77.047738 38.9091259),Nodo 476,,
POINT (-77.0477219 38.9085707),Nodo 477,,
POINT (-77.047738 38.9096268),Nodo 478,,
POINT (-77.0466594 38.9096503),Nodo 479,,
POINT (-77.0457835 38.9096445),Nodo 480,,
POINT (-77.0449038 38.9096445),Nodo 481,,
POINT (-77.0444193 38.9096518),Nodo 482,,
POINT (-77.0441358 38.9099676),Nodo 483,,
POINT (-77.0439199 38.9101606),Nodo 484,,
POINT (-77.0436333 38.9102504),Nodo 485,,
POINT (-77.0435616 38.9103058),Nodo 486,,
POINT (-77.0433796 38.9102672),Nodo 487,,
POINT (-77.0430942 38.9102153),Nodo 488,,
POINT (-77.0427768 38.9103612),Nodo 489,,
POINT (-77.0429663 38.9101443),Nodo 490,,
POINT (-77.0430407 38.9100746),Nodo 491,,
POINT (-77.0426332 38.9097394),Nodo 492,,
POINT (-77.0423006 38.9096465),Nodo 493,,
POINT (-77.0426613 38.9095557),Nodo 494,,
POINT (-77.0427083 38.9094649),Nodo 495,,
POINT (-77.042779 38.9092985),Nodo 496,,
POINT (-77.0429453 38.9091602),Nodo 497,,
POINT (-77.0429467 38.909012),Nodo 498,,
POINT (-77.0430734 38.9090256),Nodo 499,,
POINT (-77.0431096 38.9090882),Nodo 500,,
POINT (-77.0431418 38.9091602),Nodo 501,,
POINT (-77.0431706 38.90893),Nodo 502,,
POINT (-77.0425022 38.9078834),Nodo 503,,
POINT (-77.0423366 38.907897),Nodo 504,,
POINT (-77.041695 38.9090213),Nodo 505,,
POINT (-77.0416776 38.9096432),Nodo 506,,
POINT (-77.0384951 38.9100419),Nodo 508,,
POINT (-77.0416773 38.9100421),Nodo 507,,
POINT (-77.0385056 38.9096299),Nodo 509,,
POINT (-77.0384841 38.9086824),Nodo 510,,
POINT (-77.0385153 38.9079072),Nodo 511,,
POINT (-77.0366379 38.9086906),Nodo 512,,
POINT (-77.0365773 38.9088138),Nodo 513,,
POINT (-77.0364684 38.9088203),Nodo 514,,
POINT (-77.0364114 38.9086946),Nodo 515,,
POINT (-77.0363498 38.9074625),Nodo 516,,
POINT (-77.0361028 38.9072826),Nodo 517,,
POINT (-77.0363021 38.9070488),Nodo 518,,
POINT (-77.0367355 38.9070408),Nodo 519,,
POINT (-77.0371994 38.9096328),Nodo 520,,
POINT (-77.0365671 38.909637),Nodo 521,,
POINT (-77.036454 38.9096404),Nodo 522,,
POINT (-77.0345576 38.9096189),Nodo 523,,
POINT (-77.0319727 38.9088323),Nodo 524,,
POINT (-77.0319668 38.9072401),Nodo 525,,
POINT (-77.0319514 38.9067191),Nodo 526,,
POINT (-77.0319868 38.9062075),Nodo 527,,
POINT (-77.0318514 38.9063024),Nodo 528,,
POINT (-77.0316662 38.906016),Nodo 529,,
POINT (-77.0314496 38.9065073),Nodo 530,,
POINT (-77.0311634 38.906988),Nodo 531,,
POINT (-77.0310133 38.9072467),Nodo 532,,
POINT (-77.02964 38.9072258),Nodo 533,,
POINT (-77.030236 38.9085731),Nodo 534,,
POINT (-77.0296077 38.9085699),Nodo 535,,
POINT (-77.0296295 38.9064373),Nodo 536,,
POINT (-77.0281168 38.9064498),Nodo 537,,
POINT (-77.028106 38.9072304),Nodo 538,,
POINT (-77.027044 38.9072559),Nodo 539,,
POINT (-77.0281115 38.9085499),Nodo 540,,
POINT (-77.0270387 38.9085625),Nodo 541,,
POINT (-77.0281021 38.9061407),Nodo 542,,
POINT (-77.027602 38.9072433),Nodo 543,,
POINT (-77.0296056 38.9076868),Nodo 544,,
POINT (-77.028095 38.9076816),Nodo 545,,
POINT (-77.0285843 38.90858),Nodo 546,,
POINT (-77.029621 38.9087027),Nodo 547,,
POINT (-77.0295451 38.9088602),Nodo 548,,
POINT (-77.0293151 38.9091435),Nodo 549,,
POINT (-77.029031 38.9093689),Nodo 550,,
POINT (-77.0289181 38.9096898),Nodo 551,,
POINT (-77.0286284 38.9096475),Nodo 552,,
POINT (-77.0280685 38.9096288),Nodo 553,,
POINT (-77.0280719 38.9090171),Nodo 554,,
POINT (-77.0276021 38.9090176),Nodo 555,,
POINT (-77.027055 38.9090176),Nodo 556,,
POINT (-77.0275892 38.9096405),Nodo 557,,
POINT (-77.0270407 38.9096363),Nodo 558,,
POINT (-77.0280935 38.9101018),Nodo 559,,
POINT (-77.0270345 38.9104727),Nodo 560,,
POINT (-77.0266551 38.9105926),Nodo 561,,
POINT (-77.0265263 38.9096472),Nodo 562,,
POINT (-77.0265315 38.9089445),Nodo 563,,
POINT (-77.027009 38.9089299),Nodo 564,,
POINT (-77.0260112 38.9089445),Nodo 565,,
POINT (-77.0259826 38.9085708),Nodo 566,,
POINT (-77.026511 38.9085645),Nodo 567,,
POINT (-77.0265271 38.9081429),Nodo 568,,
POINT (-77.0260014 38.9081659),Nodo 569,,
POINT (-77.0259841 38.9076729),Nodo 570,,
POINT (-77.0264965 38.9076479),Nodo 571,,
POINT (-77.0270034 38.9076353),Nodo 572,,
POINT (-77.0259814 38.9072554),Nodo 573,,
POINT (-77.0264911 38.9072408),Nodo 574,,
POINT (-77.0264819 38.9061373),Nodo 575,,
POINT (-77.0260205 38.906129),Nodo 576,,
POINT (-77.0253339 38.9061123),Nodo 577,,
POINT (-77.0250174 38.9061164),Nodo 578,,
POINT (-77.025291 38.9064713),Nodo 579,,
POINT (-77.0249959 38.9064587),Nodo 580,,
POINT (-77.0249664 38.9072414),Nodo 581,,
POINT (-77.0239794 38.9072331),Nodo 582,,
POINT (-77.0234751 38.9072539),Nodo 583,,
POINT (-77.0239928 38.9077027),Nodo 584,,
POINT (-77.0245936 38.9077236),Nodo 585,,
POINT (-77.0254143 38.9077111),Nodo 586,,
POINT (-77.0253687 38.9081139),Nodo 587,,
POINT (-77.0245989 38.9081327),Nodo 588,,
POINT (-77.0246284 38.9085751),Nodo 589,,
POINT (-77.0249852 38.9085793),Nodo 590,,
POINT (-77.0253904 38.9085621),Nodo 591,,
POINT (-77.0254547 38.9089941),Nodo 592,,
POINT (-77.0250014 38.9090045),Nodo 593,,
POINT (-77.0244945 38.9089941),Nodo 594,,
POINT (-77.0259885 38.909662),Nodo 595,,
POINT (-77.0260099 38.9108308),Nodo 596,,
POINT (-77.0254628 38.9096536),Nodo 597,,
POINT (-77.0249853 38.9096328),Nodo 598,,
POINT (-77.0245562 38.9096411),Nodo 599,,
POINT (-77.0245723 38.9110937),Nodo 600,,
POINT (-77.0250765 38.9111563),Nodo 601,,
POINT (-77.0283184 38.9111108),Nodo 602,,
POINT (-77.0289885 38.9121891),Nodo 603,,
POINT (-77.0240047 38.9111221),Nodo 604,,
POINT (-77.0239994 38.9115395),Nodo 605,,
POINT (-77.0239785 38.9096486),Nodo 606,,
POINT (-77.0239893 38.9089849),Nodo 607,,
POINT (-77.0239839 38.9085717),Nodo 608,,
POINT (-77.023483 38.9111191),Nodo 609,,
POINT (-77.0229251 38.9111274),Nodo 610,,
POINT (-77.0229627 38.9118453),Nodo 611,,
POINT (-77.023466 38.9096399),Nodo 612,,
POINT (-77.022951 38.909642),Nodo 613,,
POINT (-77.0229456 38.9085493),Nodo 614,,
POINT (-77.0235008 38.9085785),Nodo 615,,
POINT (-77.0229421 38.9072678),Nodo 616,,
POINT (-77.0224287 38.9072364),Nodo 617,,
POINT (-77.0224386 38.912033),Nodo 618,,
POINT (-77.0224167 38.9111231),Nodo 619,,
POINT (-77.0224147 38.9096262),Nodo 620,,
POINT (-77.0219434 38.9096447),Nodo 621,,
POINT (-77.021938 38.9085886),Nodo 622,,
POINT (-77.0219328 38.9072506),Nodo 623,,
POINT (-77.0219465 38.9122408),Nodo 624,,
POINT (-77.0219411 38.9111263),Nodo 625,,
POINT (-77.020961 38.9125965),Nodo 626,,
POINT (-77.0209194 38.9121926),Nodo 627,,
POINT (-77.0209328 38.9115686),Nodo 628,,
POINT (-77.0209274 38.9111345),Nodo 629,,
POINT (-77.0213754 38.9111261),Nodo 630,,
POINT (-77.0209635 38.9107767),Nodo 631,,
POINT (-77.0209058 38.910725),Nodo 632,,
POINT (-77.0209356 38.9100435),Nodo 633,,
POINT (-77.0209249 38.9096511),Nodo 634,,
POINT (-77.0199271 38.9072239),Nodo 635,,
POINT (-77.0199433 38.9085859),Nodo 636,,
POINT (-77.0199057 38.9096546),Nodo 637,,
POINT (-77.0205134 38.9115849),Nodo 638,,
POINT (-77.0199484 38.9100488),Nodo 639,,
POINT (-77.0199779 38.9110947),Nodo 640,,
POINT (-77.0204688 38.9100574),Nodo 641,,
POINT (-77.0204688 38.9107461),Nodo 642,,
POINT (-77.0204768 38.911132),Nodo 643,,
POINT (-77.019943 38.9115473),Nodo 644,,
POINT (-77.0199529 38.9014747),Nodo 645,,
POINT (-77.0448722 38.9101188),Nodo 646,,
POINT (-77.0466478 38.9107449),Nodo 647,,
POINT (-77.0477394 38.911131),Nodo 648,,
POINT (-77.0487253 38.9111157),Nodo 649,,
POINT (-77.048677 38.9114663),Nodo 650,,
POINT (-77.0466606 38.9111308),Nodo 651,,
POINT (-77.0449196 38.911155),Nodo 652,,
POINT (-77.0466121 38.9115172),Nodo 653,,
POINT (-77.0466389 38.9118636),Nodo 654,,
POINT (-77.0466335 38.9122143),Nodo 655,,
POINT (-77.046655 38.9126025),Nodo 656,,
POINT (-77.0475562 38.9126233),Nodo 657,,
POINT (-77.0471312 38.913327),Nodo 658,,
POINT (-77.0467329 38.9139072),Nodo 659,,
POINT (-77.0465363 38.914089),Nodo 660,,
POINT (-77.0462332 38.914331),Nodo 661,,
POINT (-77.0460776 38.914425),Nodo 662,,
POINT (-77.0461018 38.9140973),Nodo 663,,
POINT (-77.0459784 38.9140932),Nodo 664,,
POINT (-77.0452502 38.9126009),Nodo 665,,
POINT (-77.0451 38.9126051),Nodo 666,,
POINT (-77.0450936 38.9123076),Nodo 667,,
POINT (-77.0449347 38.9123665),Nodo 668,,
POINT (-77.0448509 38.9122351),Nodo 669,,
POINT (-77.0448982 38.9118767),Nodo 670,,
POINT (-77.0448509 38.9117966),Nodo 671,,
POINT (-77.0454488 38.9118836),Nodo 672,,
POINT (-77.044502 38.9111351),Nodo 673,,
POINT (-77.0441453 38.9111289),Nodo 674,,
POINT (-77.0439707 38.9103108),Nodo 675,,
POINT (-77.0437232 38.9103833),Nodo 676,,
POINT (-77.0438633 38.9111321),Nodo 677,,
POINT (-77.0434462 38.9111269),Nodo 678,,
POINT (-77.0428695 38.9111373),Nodo 679,,
POINT (-77.0434194 38.9118715),Nodo 680,,
POINT (-77.0434569 38.9125936),Nodo 681,,
POINT (-77.0443693 38.9126024),Nodo 682,,
POINT (-77.0439885 38.911922),Nodo 683,,
POINT (-77.0434842 38.9121495),Nodo 684,,
POINT (-77.0428682 38.9125941),Nodo 685,,
POINT (-77.0422969 38.9121892),Nodo 686,,
POINT (-77.0422861 38.9118615),Nodo 687,,
POINT (-77.0422272 38.9126024),Nodo 688,,
POINT (-77.0416666 38.9126107),Nodo 689,,
POINT (-77.0434293 38.9133696),Nodo 690,,
POINT (-77.0428822 38.91338),Nodo 691,,
POINT (-77.0422492 38.9133487),Nodo 692,,
POINT (-77.0428634 38.9136617),Nodo 693,,
POINT (-77.0423082 38.9136868),Nodo 694,,
POINT (-77.0448829 38.9140916),Nodo 695,,
POINT (-77.0443894 38.9140791),Nodo 696,,
POINT (-77.0439763 38.9140875),Nodo 697,,
POINT (-77.0441782 38.9136783),Nodo 698,,
POINT (-77.0439556 38.9126202),Nodo 699,,
POINT (-77.043465 38.9141249),Nodo 700,,
POINT (-77.0425397 38.9037446),Nodo 701,,
POINT (-77.0428918 38.914104),Nodo 702,,
POINT (-77.0422749 38.9140915),Nodo 703,,
POINT (-77.0419208 38.9140915),Nodo 704,,
POINT (-77.041615 38.9140873),Nodo 705,,
POINT (-77.0416526 38.9136866),Nodo 706,,
POINT (-77.0416928 38.9133694),Nodo 707,,
POINT (-77.0399816 38.9133475),Nodo 708,,
POINT (-77.0401935 38.9140999),Nodo 709,,
POINT (-77.0393298 38.914079),Nodo 710,,
POINT (-77.0416525 38.9130128),Nodo 711,,
POINT (-77.0408586 38.9133509),Nodo 712,,
POINT (-77.0410839 38.9130169),Nodo 713,,
POINT (-77.0405689 38.912754),Nodo 714,,
POINT (-77.0406709 38.9126204),Nodo 715,,
POINT (-77.0411751 38.9126204),Nodo 716,,
POINT (-77.0410088 38.9122948),Nodo 717,,
POINT (-77.0413629 38.9118482),Nodo 718,,
POINT (-77.0417008 38.9118816),Nodo 719,,
POINT (-77.0416794 38.9115164),Nodo 720,,
POINT (-77.0420844 38.911125),Nodo 721,,
POINT (-77.0416981 38.9111125),Nodo 722,,
POINT (-77.0415748 38.9115925),Nodo 723,,
POINT (-77.0416767 38.9107201),Nodo 724,,
POINT (-77.0416981 38.9103903),Nodo 725,,
POINT (-77.0385251 38.9103862),Nodo 726,,
POINT (-77.0385385 38.9111292),Nodo 727,,
POINT (-77.0391715 38.9111208),Nodo 728,,
POINT (-77.0384849 38.91158),Nodo 729,,
POINT (-77.038517 38.9118747),Nodo 730,,
POINT (-77.0405502 38.9118872),Nodo 731,,
POINT (-77.0384688 38.9122044),Nodo 732,,
POINT (-77.0384902 38.9126177),Nodo 733,,
POINT (-77.038458 38.9133857),Nodo 734,,
POINT (-77.0385009 38.9136946),Nodo 735,,
POINT (-77.0384788 38.914087),Nodo 736,,
POINT (-77.0372028 38.9140786),Nodo 737,,
POINT (-77.0372001 38.9137061),Nodo 738,,
POINT (-77.0371679 38.9133419),Nodo 739,,
POINT (-77.0371867 38.9126093),Nodo 740,,
POINT (-77.0365266 38.9125759),Nodo 741,,
POINT (-77.0365266 38.9118412),Nodo 742,,
POINT (-77.0364729 38.9111108),Nodo 743,,
POINT (-77.0365239 38.9107103),Nodo 744,,
POINT (-77.0365239 38.9103742),Nodo 745,,
POINT (-77.0371921 38.9103811),Nodo 746,,
POINT (-77.0379699 38.9107108),Nodo 747,,
POINT (-77.0384849 38.9107254),Nodo 748,,
POINT (-77.037978 38.9103894),Nodo 749,,
POINT (-77.0345763 38.9087025),Nodo 750,,
POINT (-77.0345478 38.9089538),Nodo 751,,
POINT (-77.0326522 38.9096343),Nodo 752,,
POINT (-77.0345754 38.9104044),Nodo 753,,
POINT (-77.0345593 38.9107216),Nodo 754,,
POINT (-77.03457 38.9111098),Nodo 755,,
POINT (-77.035836 38.9111516),Nodo 756,,
POINT (-77.0345432 38.9115273),Nodo 757,,
POINT (-77.0345324 38.9118821),Nodo 758,,
POINT (-77.0345378 38.9122452),Nodo 759,,
POINT (-77.0345324 38.9125917),Nodo 760,,
POINT (-77.0345325 38.9131342),Nodo 761,,
POINT (-77.0345567 38.9133685),Nodo 762,,
POINT (-77.0365308 38.9133685),Nodo 763,,
POINT (-77.0364879 38.9141031),Nodo 764,,
POINT (-77.0345459 38.9135605),Nodo 765,,
POINT (-77.0345418 38.914082),Nodo 766,,
POINT (-77.0332329 38.9140778),Nodo 767,,
POINT (-77.0332597 38.9135644),Nodo 768,,
POINT (-77.0332758 38.9131554),Nodo 769,,
POINT (-77.033249 38.9126253),Nodo 770,,
POINT (-77.0326844 38.9126107),Nodo 771,,
POINT (-77.0325905 38.9125919),Nodo 772,,
POINT (-77.0326232 38.912229),Nodo 773,,
POINT (-77.0326018 38.9118533),Nodo 774,,
POINT (-77.0326286 38.9115486),Nodo 775,,
POINT (-77.0326018 38.9110936),Nodo 776,,
POINT (-77.0319661 38.911102),Nodo 777,,
POINT (-77.0319607 38.9107263),Nodo 778,,
POINT (-77.0319715 38.9103882),Nodo 779,,
POINT (-77.0319715 38.9096744),Nodo 780,,
POINT (-77.0313814 38.9096911),Nodo 781,,
POINT (-77.0309039 38.9096911),Nodo 782,,
POINT (-77.0306594 38.9096721),Nodo 783,,
POINT (-77.0303161 38.9098464),Nodo 784,,
POINT (-77.0303305 38.9096083),Nodo 785,,
POINT (-77.0303359 38.9095612),Nodo 786,,
POINT (-77.0305592 38.9093161),Nodo 787,,
POINT (-77.0302152 38.9093143),Nodo 788,,
POINT (-77.030157 38.9092668),Nodo 789,,
POINT (-77.0298813 38.9101593),Nodo 790,,
POINT (-77.0292828 38.9101405),Nodo 791,,
POINT (-77.0291816 38.9100964),Nodo 792,,
POINT (-77.0290711 38.9100007),Nodo 793,,
POINT (-77.0308903 38.9103052),Nodo 794,,
POINT (-77.0309011 38.9106725),Nodo 795,,
POINT (-77.030311 38.9106516),Nodo 796,,
POINT (-77.0296404 38.9106516),Nodo 797,,
POINT (-77.0296384 38.9111215),Nodo 798,,
POINT (-77.0308912 38.9111111),Nodo 799,,
POINT (-77.0313847 38.9111194),Nodo 800,,
POINT (-77.0314039 38.9118738),Nodo 801,,
POINT (-77.0319672 38.9118571),Nodo 802,,
POINT (-77.0319377 38.9126001),Nodo 803,,
POINT (-77.0313959 38.9126084),Nodo 804,,
POINT (-77.0314013 38.9122119),Nodo 805,,
POINT (-77.0313583 38.9115524),Nodo 806,,
POINT (-77.0296417 38.9115398),Nodo 807,,
POINT (-77.029631 38.911878),Nodo 808,,
POINT (-77.0296042 38.912191),Nodo 809,,
POINT (-77.0296578 38.9125917),Nodo 810,,
POINT (-77.0303981 38.9126376),Nodo 811,,
POINT (-77.0311813 38.9126168),Nodo 812,,
POINT (-77.0312081 38.9130008),Nodo 813,,
POINT (-77.0304035 38.9130175),Nodo 814,,
POINT (-77.0304196 38.9133639),Nodo 815,,
POINT (-77.0311384 38.9133556),Nodo 816,,
POINT (-77.0319608 38.9133556),Nodo 817,,
POINT (-77.0319689 38.9140985),Nodo 818,,
POINT (-77.0327002 38.9131594),Nodo 819,,
POINT (-77.0326787 38.9135476),Nodo 820,,
POINT (-77.0327109 38.914086),Nodo 821,,
POINT (-77.0325822 38.9141278),Nodo 822,,
POINT (-77.0307852 38.9141022),Nodo 823,,
POINT (-77.0304097 38.9140938),Nodo 824,,
POINT (-77.0304097 38.9137098),Nodo 825,,
POINT (-77.0296694 38.9136889),Nodo 826,,
POINT (-77.0296479 38.914098),Nodo 827,,
POINT (-77.0296104 38.9135011),Nodo 828,,
POINT (-77.0296211 38.9133467),Nodo 829,,
POINT (-77.0296264 38.9130294),Nodo 830,,
POINT (-77.0286448 38.9126287),Nodo 831,,
POINT (-77.0287647 38.9111293),Nodo 832,,
POINT (-77.0284487 38.9116438),Nodo 833,,
POINT (-77.0282663 38.9118222),Nodo 834,,
POINT (-77.0282267 38.9121782),Nodo 835,,
POINT (-77.0280319 38.9122113),Nodo 836,,
POINT (-77.0279475 38.9126068),Nodo 837,,
POINT (-77.0278147 38.9126193),Nodo 838,,
POINT (-77.0270741 38.9134529),Nodo 839,,
POINT (-77.0270097 38.9136574),Nodo 840,,
POINT (-77.0270839 38.9138082),Nodo 841,,
POINT (-77.0280821 38.9141047),Nodo 842,,
POINT (-77.0270521 38.9140963),Nodo 843,,
POINT (-77.0259953 38.9140963),Nodo 844,,
POINT (-77.02599 38.9136915),Nodo 845,,
POINT (-77.0259931 38.9133111),Nodo 846,,
POINT (-77.0259958 38.9126141),Nodo 847,,
POINT (-77.0270008 38.9126109),Nodo 848,,
POINT (-77.027033 38.9122185),Nodo 849,,
POINT (-77.0275802 38.9122018),Nodo 850,,
POINT (-77.0275802 38.9111416),Nodo 851,,
POINT (-77.0280952 38.9111333),Nodo 852,,
POINT (-77.0281005 38.9102567),Nodo 853,,
POINT (-77.0275694 38.9104278),Nodo 854,,
POINT (-77.0270384 38.9106546),Nodo 855,,
POINT (-77.0270545 38.9111013),Nodo 856,,
POINT (-77.026679 38.9107673),Nodo 857,,
POINT (-77.026003 38.9109781),Nodo 858,,
POINT (-77.0246861 38.911431),Nodo 859,,
POINT (-77.0239565 38.9116856),Nodo 860,,
POINT (-77.0229511 38.9120517),Nodo 861,,
POINT (-77.0219426 38.9123981),Nodo 862,,
POINT (-77.0211728 38.9126716),Nodo 863,,
POINT (-77.0202609 38.9130033),Nodo 864,,
POINT (-77.0198827 38.9131098),Nodo 865,,
POINT (-77.0198586 38.9129846),Nodo 866,,
POINT (-77.0198907 38.9125964),Nodo 867,,
POINT (-77.0198944 38.9121894),Nodo 868,,
POINT (-77.0205069 38.9122058),Nodo 869,,
POINT (-77.0205606 38.912594),Nodo 870,,
POINT (-77.0206545 38.9126942),Nodo 871,,
POINT (-77.0198792 38.9135186),Nodo 872,,
POINT (-77.0199489 38.9140946),Nodo 873,,
POINT (-77.0199667 38.9154181),Nodo 874,,
POINT (-77.020428 38.9156059),Nodo 875,,
POINT (-77.0204656 38.9141033),Nodo 876,,
POINT (-77.02053 38.9134688),Nodo 877,,
POINT (-77.0211737 38.9134688),Nodo 878,,
POINT (-77.021285 38.9141043),Nodo 879,,
POINT (-77.0208503 38.9140991),Nodo 880,,
POINT (-77.0211973 38.9140751),Nodo 881,,
POINT (-77.024507 38.9140906),Nodo 882,,
POINT (-77.0239813 38.9140864),Nodo 883,,
POINT (-77.023992 38.9136857),Nodo 884,,
POINT (-77.0240135 38.9133226),Nodo 885,,
POINT (-77.023992 38.9126047),Nodo 886,,
POINT (-77.023992 38.912062),Nodo 887,,
POINT (-77.0229596 38.9126005),Nodo 888,,
POINT (-77.0219537 38.9126046),Nodo 889,,
POINT (-77.0212975 38.9126131),Nodo 890,,
POINT (-77.0219076 38.9140793),Nodo 891,,
POINT (-77.0224226 38.9141085),Nodo 892,,
POINT (-77.0229644 38.9140918),Nodo 893,,
POINT (-77.0229429 38.915561),Nodo 894,,
POINT (-77.0224172 38.9155386),Nodo 895,,
POINT (-77.0219022 38.9155584),Nodo 896,,
POINT (-77.021457 38.9155678),Nodo 897,,
POINT (-77.0209106 38.9155607),Nodo 898,,
POINT (-77.0206799 38.915711),Nodo 899,,
POINT (-77.0211895 38.9159802),Nodo 900,,
POINT (-77.0214149 38.9160261),Nodo 901,,
POINT (-77.0219057 38.9162327),Nodo 902,,
POINT (-77.0458058 38.914617),Nodo 903,,
POINT (-77.0461465 38.9146984),Nodo 904,,
POINT (-77.0462699 38.914498),Nodo 905,,
POINT (-77.0463423 38.9148382),Nodo 906,,
POINT (-77.0461921 38.9148757),Nodo 907,,
POINT (-77.0464253 38.9158632),Nodo 908,,
POINT (-77.0462938 38.9159983),Nodo 909,,
POINT (-77.0464703 38.9161197),Nodo 910,,
POINT (-77.0463764 38.9162131),Nodo 911,,
POINT (-77.0465132 38.9162152),Nodo 912,,
POINT (-77.0462832 38.9162313),Nodo 913,,
POINT (-77.0467682 38.9167646),Nodo 914,,
POINT (-77.0466951 38.9167912),Nodo 915,,
POINT (-77.0463037 38.9166063),Nodo 916,,
POINT (-77.0464863 38.9168464),Nodo 917,,
POINT (-77.0460918 38.9169798),Nodo 918,,
POINT (-77.045511 38.9179446),Nodo 919,,
POINT (-77.045255 38.9183404),Nodo 920,,
POINT (-77.0450994 38.9185365),Nodo 921,,
POINT (-77.0447788 38.9190416),Nodo 922,,
POINT (-77.0443698 38.9196505),Nodo 923,,
POINT (-77.0441674 38.9201304),Nodo 924,,
POINT (-77.043926 38.9205958),Nodo 925,,
POINT (-77.0437278 38.9210278),Nodo 926,,
POINT (-77.0449481 38.9151212),Nodo 927,,
POINT (-77.0448623 38.9144909),Nodo 928,,
POINT (-77.0439342 38.9144784),Nodo 929,,
POINT (-77.0434461 38.9144868),Nodo 930,,
POINT (-77.0434407 38.9148332),Nodo 931,,
POINT (-77.0440575 38.9155552),Nodo 932,,
POINT (-77.0439221 38.9155563),Nodo 933,,
POINT (-77.043929 38.9152873),Nodo 934,,
POINT (-77.0434435 38.9153343),Nodo 935,,
POINT (-77.0434274 38.9155784),Nodo 936,,
POINT (-77.0429145 38.9155839),Nodo 937,,
POINT (-77.0428877 38.915179),Nodo 938,,
POINT (-77.0428931 38.9148493),Nodo 939,,
POINT (-77.0428931 38.9144903),Nodo 940,,
POINT (-77.0416619 38.9145154),Nodo 941,,
POINT (-77.0416539 38.9148347),Nodo 942,,
POINT (-77.0421769 38.9148409),Nodo 943,,
POINT (-77.0421796 38.9151582),Nodo 944,,
POINT (-77.0416405 38.9151707),Nodo 945,,
POINT (-77.0416619 38.9155651),Nodo 946,,
POINT (-77.0400844 38.9155845),Nodo 947,,
POINT (-77.0388586 38.9155991),Nodo 948,,
POINT (-77.0384884 38.9155803),Nodo 949,,
POINT (-77.038478 38.9149614),Nodo 950,,
POINT (-77.0388886 38.91455),Nodo 951,,
POINT (-77.0393607 38.9148338),Nodo 952,,
POINT (-77.0395726 38.9148129),Nodo 953,,
POINT (-77.0384811 38.9148238),Nodo 954,,
POINT (-77.0384891 38.9144983),Nodo 955,,
POINT (-77.0371856 38.9145025),Nodo 956,,
POINT (-77.0371534 38.9148238),Nodo 957,,
POINT (-77.0364855 38.914828),Nodo 958,,
POINT (-77.0364969 38.9145679),Nodo 959,,
POINT (-77.0345309 38.9144844),Nodo 960,,
POINT (-77.034547 38.9146033),Nodo 961,,
POINT (-77.034555 38.9148329),Nodo 962,,
POINT (-77.0358363 38.914837),Nodo 963,,
POINT (-77.0358363 38.9151459),Nodo 964,,
POINT (-77.0365015 38.9155674),Nodo 965,,
POINT (-77.0358891 38.9155383),Nodo 966,,
POINT (-77.0350948 38.9155456),Nodo 967,,
POINT (-77.0345316 38.9155769),Nodo 968,,
POINT (-77.034553 38.9151616),Nodo 969,,
POINT (-77.0332361 38.9155936),Nodo 970,,
POINT (-77.0326299 38.9155769),Nodo 971,,
POINT (-77.0326406 38.9151804),Nodo 972,,
POINT (-77.0326031 38.9148423),Nodo 973,,
POINT (-77.0326192 38.9145376),Nodo 974,,
POINT (-77.0319647 38.9148214),Nodo 975,,
POINT (-77.031954 38.9156019),Nodo 976,,
POINT (-77.0313647 38.9155792),Nodo 977,,
POINT (-77.0313207 38.9155742),Nodo 978,,
POINT (-77.031307 38.9150973),Nodo 979,,
POINT (-77.0312453 38.914826),Nodo 980,,
POINT (-77.0307973 38.9148365),Nodo 981,,
POINT (-77.0307832 38.9150896),Nodo 982,,
POINT (-77.0307805 38.9155717),Nodo 983,,
POINT (-77.0296258 38.9155717),Nodo 984,,
POINT (-77.0378958 38.9155762),Nodo 985,,
POINT (-77.0296097 38.9148542),Nodo 986,,
POINT (-77.0296151 38.9145161),Nodo 987,,
POINT (-77.0288426 38.9145119),Nodo 988,,
POINT (-77.0288426 38.9148416),Nodo 989,,
POINT (-77.0280969 38.9145161),Nodo 990,,
POINT (-77.0280916 38.9148416),Nodo 991,,
POINT (-77.028108 38.9151243),Nodo 992,,
POINT (-77.0280757 38.915571),Nodo 993,,
POINT (-77.0275929 38.9155877),Nodo 994,,
POINT (-77.027609 38.9144816),Nodo 995,,
POINT (-77.0270779 38.9144732),Nodo 996,,
POINT (-77.0270189 38.9146945),Nodo 997,,
POINT (-77.0270136 38.9155668),Nodo 998,,
POINT (-77.0262196 38.9155866),Nodo 999,,
POINT (-77.0260842 38.9155793),Nodo 1000,,
POINT (-77.0261398 38.915488),Nodo 1001,,
POINT (-77.0266534 38.9146225),Nodo 1002,,
POINT (-77.026015 38.9144931),Nodo 1003,,
POINT (-77.0260097 38.9148229),Nodo 1004,,
POINT (-77.0260365 38.9151902),Nodo 1005,,
POINT (-77.0245219 38.9144841),Nodo 1006,,
POINT (-77.0245165 38.9148337),Nodo 1007,,
POINT (-77.0245219 38.915201),Nodo 1008,,
POINT (-77.0245434 38.915585),Nodo 1009,,
POINT (-77.0239855 38.9155933),Nodo 1010,,
POINT (-77.0240069 38.9148462),Nodo 1011,,
POINT (-77.0434585 38.9158955),Nodo 1012,,
POINT (-77.0434344 38.9157598),Nodo 1013,,
POINT (-77.0429033 38.9161731),Nodo 1014,,
POINT (-77.0437518 38.9165343),Nodo 1015,,
POINT (-77.043902 38.9169851),Nodo 1016,,
POINT (-77.0440522 38.9174025),Nodo 1017,,
POINT (-77.0442722 38.9178282),Nodo 1018,,
POINT (-77.0420566 38.9178157),Nodo 1019,,
POINT (-77.041649 38.9178157),Nodo 1020,,
POINT (-77.0416704 38.9174067),Nodo 1021,,
POINT (-77.0416396 38.9170435),Nodo 1022,,
POINT (-77.0416597 38.9169622),Nodo 1023,,
POINT (-77.0416329 38.9168202),Nodo 1024,,
POINT (-77.0411998 38.9170251),Nodo 1025,,
POINT (-77.0407881 38.9170147),Nodo 1026,,
POINT (-77.0416397 38.9165649),Nodo 1027,,
POINT (-77.0416759 38.9162767),Nodo 1028,,
POINT (-77.0416813 38.9159908),Nodo 1029,,
POINT (-77.0400934 38.915995),Nodo 1030,,
POINT (-77.040072 38.9162913),Nodo 1031,,
POINT (-77.0400988 38.9166002),Nodo 1032,,
POINT (-77.0400773 38.9169967),Nodo 1033,,
POINT (-77.0385002 38.9169902),Nodo 1034,,
POINT (-77.0385109 38.916602),Nodo 1035,,
POINT (-77.038527 38.9162932),Nodo 1036,,
POINT (-77.0365475 38.916986),Nodo 1037,,
POINT (-77.0365046 38.9162723),Nodo 1038,,
POINT (-77.0345788 38.9162973),Nodo 1039,,
POINT (-77.0362417 38.9169902),Nodo 1040,,
POINT (-77.0354854 38.9169944),Nodo 1041,,
POINT (-77.0359468 38.9165603),Nodo 1042,,
POINT (-77.0359414 38.9162973),Nodo 1043,,
POINT (-77.0350455 38.9162806),Nodo 1044,,
POINT (-77.0350455 38.9165979),Nodo 1045,,
POINT (-77.0350401 38.9169818),Nodo 1046,,
POINT (-77.0345371 38.916993),Nodo 1047,,
POINT (-77.0345438 38.9167791),Nodo 1048,,
POINT (-77.034533 38.9166111),Nodo 1049,,
POINT (-77.0343024 38.9166341),Nodo 1050,,
POINT (-77.0343091 38.9168313),Nodo 1051,,
POINT (-77.0343024 38.9169927),Nodo 1052,,
POINT (-77.033994 38.9168362),Nodo 1053,,
POINT (-77.0339712 38.9169906),Nodo 1054,,
POINT (-77.0332638 38.9169981),Nodo 1055,,
POINT (-77.0332451 38.916276),Nodo 1056,,
POINT (-77.033803 38.9162802),Nodo 1057,,
POINT (-77.0326845 38.9162802),Nodo 1058,,
POINT (-77.0319576 38.9170102),Nodo 1059,,
POINT (-77.031963 38.9162985),Nodo 1060,,
POINT (-77.0313568 38.916286),Nodo 1061,,
POINT (-77.0313568 38.9159959),Nodo 1062,,
POINT (-77.0296509 38.9159772),Nodo 1063,,
POINT (-77.0296482 38.9162818),Nodo 1064,,
POINT (-77.0296348 38.9166032),Nodo 1065,,
POINT (-77.0313326 38.9165991),Nodo 1066,,
POINT (-77.0314057 38.9170275),Nodo 1067,,
POINT (-77.0313256 38.9169913),Nodo 1068,,
POINT (-77.0310333 38.9170268),Nodo 1069,,
POINT (-77.0310359 38.9175402),Nodo 1070,,
POINT (-77.0296247 38.9169916),Nodo 1071,,
POINT (-77.0291623 38.9170013),Nodo 1072,,
POINT (-77.0281098 38.9170109),Nodo 1073,,
POINT (-77.028091 38.9165956),Nodo 1074,,
POINT (-77.0288635 38.9165893),Nodo 1075,,
POINT (-77.0288519 38.9160078),Nodo 1076,,
POINT (-77.0280928 38.9160057),Nodo 1077,,
POINT (-77.0275987 38.916997),Nodo 1078,,
POINT (-77.027089 38.9169782),Nodo 1079,,
POINT (-77.0270247 38.9159932),Nodo 1080,,
POINT (-77.0259786 38.9170158),Nodo 1081,,
POINT (-77.0253831 38.9169988),Nodo 1082,,
POINT (-77.0252785 38.9169936),Nodo 1083,,
POINT (-77.0257284 38.9164304),Nodo 1084,,
POINT (-77.0256399 38.916374),Nodo 1085,,
POINT (-77.0247013 38.9170008),Nodo 1086,,
POINT (-77.0239557 38.917007),Nodo 1087,,
POINT (-77.0229284 38.9167211),Nodo 1088,,
POINT (-77.0410969 38.9178138),Nodo 1089,,
POINT (-77.0410405 38.9171356),Nodo 1090,,
POINT (-77.0408877 38.9171857),Nodo 1091,,
POINT (-77.0407509 38.9173422),Nodo 1092,,
POINT (-77.0405577 38.9175947),Nodo 1093,,
POINT (-77.0404102 38.9178222),Nodo 1094,,
POINT (-77.038496 38.9173625),Nodo 1095,,
POINT (-77.038496 38.9175733),Nodo 1096,,
POINT (-77.0384934 38.917784),Nodo 1097,,
POINT (-77.0401349 38.9180762),Nodo 1098,,
POINT (-77.0395984 38.9182077),Nodo 1099,,
POINT (-77.0384826 38.9181221),Nodo 1100,,
POINT (-77.0365389 38.9181236),Nodo 1101,,
POINT (-77.0362841 38.9172638),Nodo 1102,,
POINT (-77.0357718 38.9181153),Nodo 1103,,
POINT (-77.0355304 38.9181048),Nodo 1104,,
POINT (-77.0350797 38.9181048),Nodo 1105,,
POINT (-77.0345272 38.9181153),Nodo 1106,,
POINT (-77.0319737 38.918107),Nodo 1107,,
POINT (-77.0312442 38.9181174),Nodo 1108,,
POINT (-77.0302679 38.9181111),Nodo 1109,,
POINT (-77.0296214 38.918107),Nodo 1110,,
POINT (-77.0291306 38.9181049),Nodo 1111,,
POINT (-77.0288396 38.9181153),Nodo 1112,,
POINT (-77.0280835 38.9181072),Nodo 1113,,
POINT (-77.0276169 38.9181199),Nodo 1114,,
POINT (-77.0270483 38.9181199),Nodo 1115,,
POINT (-77.0260022 38.9181199),Nodo 1116,,
POINT (-77.0247249 38.9180959),Nodo 1117,,
POINT (-77.0246096 38.9180474),Nodo 1118,,
POINT (-77.0246739 38.9179889),Nodo 1119,,
POINT (-77.0243326 38.9182112),Nodo 1120,,
POINT (-77.024161 38.9179483),Nodo 1121,,
POINT (-77.0240081 38.9177667),Nodo 1122,,
POINT (-77.0229493 38.9177719),Nodo 1123,,
POINT (-77.0220453 38.9177651),Nodo 1124,,
POINT (-77.0219005 38.9177208),Nodo 1125,,
POINT (-77.0219112 38.9177965),Nodo 1126,,
POINT (-77.0444308 38.9183005),Nodo 1127,,
POINT (-77.04464 38.9187053),Nodo 1128,,
POINT (-77.0446684 38.9192232),Nodo 1129,,
POINT (-77.0420503 38.9182695),Nodo 1130,,
POINT (-77.0416801 38.9182904),Nodo 1131,,
POINT (-77.0416694 38.9187579),Nodo 1132,,
POINT (-77.0416855 38.9192128),Nodo 1133,,
POINT (-77.0420986 38.9196928),Nodo 1134,,
POINT (-77.0416748 38.9196886),Nodo 1135,,
POINT (-77.0421629 38.9201227),Nodo 1136,,
POINT (-77.0418625 38.9201519),Nodo 1137,,
POINT (-77.0420127 38.9205859),Nodo 1138,,
POINT (-77.0429676 38.9210492),Nodo 1139,,
POINT (-77.0421093 38.9210576),Nodo 1140,,
POINT (-77.041648 38.9211035),Nodo 1141,,
POINT (-77.0412027 38.9197804),Nodo 1142,,
POINT (-77.0407628 38.9198639),Nodo 1143,,
POINT (-77.0404463 38.9189373),Nodo 1144,,
POINT (-77.0393734 38.9192754),Nodo 1145,,
POINT (-77.0389014 38.9184323),Nodo 1146,,
POINT (-77.0384937 38.9185116),Nodo 1147,,
POINT (-77.0365249 38.9191419),Nodo 1148,,
POINT (-77.0358329 38.9191544),Nodo 1149,,
POINT (-77.0347493 38.9191669),Nodo 1150,,
POINT (-77.0346581 38.9189853),Nodo 1151,,
POINT (-77.0345347 38.9186661),Nodo 1152,,
POINT (-77.0344598 38.9191648),Nodo 1153,,
POINT (-77.032593 38.9191815),Nodo 1154,,
POINT (-77.0326145 38.9186514),Nodo 1155,,
POINT (-77.0325957 38.918113),Nodo 1156,,
POINT (-77.031952 38.9191815),Nodo 1157,,
POINT (-77.0312465 38.9191732),Nodo 1158,,
POINT (-77.0312492 38.9188374),Nodo 1159,,
POINT (-77.0312304 38.9184326),Nodo 1160,,
POINT (-77.0302407 38.9184472),Nodo 1161,,
POINT (-77.0302621 38.9188333),Nodo 1162,,
POINT (-77.030297 38.9191755),Nodo 1163,,
POINT (-77.0296345 38.9191651),Nodo 1164,,
POINT (-77.0288406 38.9191713),Nodo 1165,,
POINT (-77.0280869 38.9191818),Nodo 1166,,
POINT (-77.0275992 38.9191825),Nodo 1167,,
POINT (-77.0270413 38.9191783),Nodo 1168,,
POINT (-77.0270252 38.9184834),Nodo 1169,,
POINT (-77.0264995 38.918498),Nodo 1170,,
POINT (-77.0265048 38.9191804),Nodo 1171,,
POINT (-77.0259898 38.9184729),Nodo 1172,,
POINT (-77.0259925 38.9187839),Nodo 1173,,
POINT (-77.0259952 38.9191658),Nodo 1174,,
POINT (-77.0248821 38.919195),Nodo 1175,,
POINT (-77.024813 38.9191308),Nodo 1176,,
POINT (-77.0245307 38.9185642),Nodo 1177,,
POINT (-77.0239248 38.919144),Nodo 1178,,
POINT (-77.0252095 38.9199432),Nodo 1179,,
POINT (-77.0218997 38.9190042),Nodo 1180,,
POINT (-77.0408594 38.920181),Nodo 1181,,
POINT (-77.0404678 38.9204148),Nodo 1182,,
POINT (-77.0400386 38.9206568),Nodo 1183,,
POINT (-77.0389068 38.9213246),Nodo 1184,,
POINT (-77.0388019 38.9201073),Nodo 1185,,
POINT (-77.0371229 38.9203118),Nodo 1186,,
POINT (-77.0365339 38.9203678),Nodo 1187,,
POINT (-77.0371239 38.9196792),Nodo 1188,,
POINT (-77.0365619 38.9209562),Nodo 1189,,
POINT (-77.0347822 38.9205805),Nodo 1190,,
POINT (-77.032513 38.9205638),Nodo 1191,,
POINT (-77.03243 38.9199608),Nodo 1192,,
POINT (-77.0318667 38.9205952),Nodo 1193,,
POINT (-77.0319633 38.9200527),Nodo 1194,,
POINT (-77.0314182 38.9201567),Nodo 1195,,
POINT (-77.0309515 38.9202527),Nodo 1196,,
POINT (-77.0309864 38.9197289),Nodo 1197,,
POINT (-77.0302219 38.9198019),Nodo 1198,,
POINT (-77.0302622 38.9203758),Nodo 1199,,
POINT (-77.029677 38.9204885),Nodo 1200,,
POINT (-77.0296408 38.9202788),Nodo 1201,,
POINT (-77.0294892 38.9205292),Nodo 1202,,
POINT (-77.029162 38.9205887),Nodo 1203,,
POINT (-77.0296153 38.9195119),Nodo 1204,,
POINT (-77.0291459 38.9195014),Nodo 1205,,
POINT (-77.0288267 38.9195369),Nodo 1206,,
POINT (-77.0285081 38.9195064),Nodo 1207,,
POINT (-77.0280897 38.919521),Nodo 1208,,
POINT (-77.0288689 38.9206229),Nodo 1209,,
POINT (-77.0285202 38.9206688),Nodo 1210,,
POINT (-77.0280642 38.9206897),Nodo 1211,,
POINT (-77.0276136 38.9207189),Nodo 1212,,
POINT (-77.0270316 38.9207523),Nodo 1213,,
POINT (-77.0259801 38.920529),Nodo 1214,,
POINT (-77.0252345 38.9206792),Nodo 1215,,
POINT (-77.0240764 38.9207606),Nodo 1216,,
POINT (-77.0231322 38.9208149),Nodo 1217,,
POINT (-77.0220701 38.9209735),Nodo 1218,,
POINT (-77.0365312 38.922694),Nodo 1219,,
POINT (-77.035168 38.92107),Nodo 1220,,
POINT (-77.0352002 38.9214582),Nodo 1221,,
POINT (-77.0325971 38.9210925),Nodo 1222,,
POINT (-77.0326132 38.9216184),Nodo 1223,,
POINT (-77.031954 38.9216601),Nodo 1224,,
POINT (-77.03208 38.9226701),Nodo 1225,,
POINT (-77.0329008 38.9226492),Nodo 1226,,
POINT (-77.033971 38.922607),Nodo 1227,,
POINT (-77.0346657 38.9225908),Nodo 1228,,
POINT (-77.0319812 38.922416),Nodo 1229,,
POINT (-77.0318202 38.9210763),Nodo 1230,,
POINT (-77.0312623 38.9210679),Nodo 1231,,
POINT (-77.0312409 38.9202228),Nodo 1232,,
POINT (-77.0297142 38.921089),Nodo 1233,,
POINT (-77.0297115 38.9215001),Nodo 1234,,
POINT (-77.0297142 38.9224391),Nodo 1235,,
POINT (-77.0280368 38.9224457),Nodo 1236,,
POINT (-77.0270712 38.9224164),Nodo 1237,,
POINT (-77.043304 38.9220701),Nodo 1238,,
POINT (-77.0432074 38.922333),Nodo 1239,,
POINT (-77.0426677 38.9226674),Nodo 1240,,
POINT (-77.0420702 38.9230467),Nodo 1241,,
POINT (-77.0419307 38.9231594),Nodo 1242,,
POINT (-77.0414694 38.9234724),Nodo 1243,,
POINT (-77.0413896 38.9230701),Nodo 1244,,
POINT (-77.0413534 38.9225834),Nodo 1245,,
POINT (-77.040697 38.9215212),Nodo 1246,,
POINT (-77.0405687 38.9203592),Nodo 1247,,
POINT (-77.040141 38.9215591),Nodo 1248,,
POINT (-77.0402315 38.9231143),Nodo 1249,,
POINT (-77.0390001 38.923156),Nodo 1250,,
POINT (-77.0377849 38.9232159),Nodo 1251,,
POINT (-77.0364685 38.9232467),Nodo 1252,,
POINT (-77.0353199 38.9233844),Nodo 1253,,
POINT (-77.0346982 38.9234371),Nodo 1254,,
POINT (-77.0340759 38.9234914),Nodo 1255,,
POINT (-77.0330245 38.9235456),Nodo 1256,,
POINT (-77.0325085 38.9235855),Nodo 1257,,
POINT (-77.032133 38.9235968),Nodo 1258,,
POINT (-77.0321501 38.9238064),Nodo 1259,,
POINT (-77.0321762 38.9240367),Nodo 1260,,
POINT (-77.0297234 38.9237702),Nodo 1261,,
POINT (-77.0292969 38.9237629),Nodo 1262,,
POINT (-77.0280377 38.9237572),Nodo 1263,,
POINT (-77.0285458 38.9233529),Nodo 1264,,
POINT (-77.0280483 38.9233587),Nodo 1265,,
POINT (-77.0280467 38.9228226),Nodo 1266,,
POINT (-77.0275652 38.922831),Nodo 1267,,
POINT (-77.0270391 38.9228429),Nodo 1268,,
POINT (-77.0270358 38.9237661),Nodo 1269,,
POINT (-77.0265902 38.9238065),Nodo 1270,,
POINT (-77.0255465 38.9239103),Nodo 1271,,
POINT (-77.0254301 38.923914),Nodo 1272,,
POINT (-77.0253378 38.922956),Nodo 1273,,
POINT (-77.0252402 38.921057),Nodo 1274,,
POINT (-77.0243624 38.9230009),Nodo 1275,,
POINT (-77.0251243 38.9239499),Nodo 1276,,
POINT (-77.0244859 38.9239964),Nodo 1277,,
POINT (-77.0225313 38.924179),Nodo 1278,,
POINT (-77.0222503 38.9223364),Nodo 1279,,
POINT (-77.0410257 38.9230866),Nodo 1280,,
POINT (-77.0402694 38.9237001),Nodo 1281,,
POINT (-77.0403445 38.9242468),Nodo 1282,,
POINT (-77.0405282 38.9241363),Nodo 1283,,
POINT (-77.0401634 38.9243867),Nodo 1284,,
POINT (-77.0391549 38.9249),Nodo 1285,,
POINT (-77.0390422 38.9246913),Nodo 1286,,
POINT (-77.037862 38.924708),Nodo 1287,,
POINT (-77.0379693 38.9256387),Nodo 1288,,
POINT (-77.0370373 38.9261843),Nodo 1289,,
POINT (-77.0368348 38.9261906),Nodo 1290,,
POINT (-77.036942 38.9262981),Nodo 1291,,
POINT (-77.0364807 38.9258755),Nodo 1292,,
POINT (-77.0364856 38.9247652),Nodo 1293,,
POINT (-77.0364802 38.9262968),Nodo 1294,,
POINT (-77.0366915 38.9264448),Nodo 1295,,
POINT (-77.0364863 38.9265303),Nodo 1296,,
POINT (-77.0355502 38.9270384),Nodo 1297,,
POINT (-77.0355018 38.9263346),Nodo 1298,,
POINT (-77.0354267 38.925333),Nodo 1299,,
POINT (-77.0354321 38.9247696),Nodo 1300,,
POINT (-77.0348527 38.9253539),Nodo 1301,,
POINT (-77.0348581 38.9258672),Nodo 1302,,
POINT (-77.0349332 38.9263513),Nodo 1303,,
POINT (-77.0323958 38.9265558),Nodo 1304,,
POINT (-77.0323529 38.9257294),Nodo 1305,,
POINT (-77.0323583 38.9254999),Nodo 1306,,
POINT (-77.0322329 38.9247323),Nodo 1307,,
POINT (-77.0322309 38.9245276),Nodo 1308,,
POINT (-77.0297257 38.9247404),Nodo 1309,,
POINT (-77.0297632 38.9257504),Nodo 1310,,
POINT (-77.0297364 38.9267394),Nodo 1311,,
POINT (-77.0270261 38.9267436),Nodo 1312,,
POINT (-77.0270421 38.9257587),Nodo 1313,,
POINT (-77.027069 38.9247613),Nodo 1314,,
POINT (-77.026746 38.9247801),Nodo 1315,,
POINT (-77.0265488 38.9248218),Nodo 1316,,
POINT (-77.0266454 38.9257817),Nodo 1317,,
POINT (-77.0265166 38.9258192),Nodo 1318,,
POINT (-77.0276807 38.9257817),Nodo 1319,,
POINT (-77.029054 38.9267123),Nodo 1320,,
POINT (-77.0266711 38.9267665),Nodo 1321,,
POINT (-77.026014 38.9268542),Nodo 1322,,
POINT (-77.0258879 38.9268584),Nodo 1323,,
POINT (-77.0259094 38.9263659),Nodo 1324,,
POINT (-77.0258155 38.9263764),Nodo 1325,,
POINT (-77.0258544 38.9258631),Nodo 1326,,
POINT (-77.0257578 38.925885),Nodo 1327,,
POINT (-77.0256742 38.9253866),Nodo 1328,,
POINT (-77.0256992 38.9248701),Nodo 1329,,
POINT (-77.0255872 38.9248821),Nodo 1330,,
POINT (-77.0252733 38.9249128),Nodo 1331,,
POINT (-77.023358 38.9251184),Nodo 1332,,
POINT (-77.0226982 38.9251538),Nodo 1333,,
POINT (-77.0251588 38.9244465),Nodo 1334,,
POINT (-77.0225912 38.9245246),Nodo 1335,,
POINT (-77.0235099 38.9260679),Nodo 1336,,
POINT (-77.0234509 38.9256089),Nodo 1337,,
POINT (-77.0228232 38.9261389),Nodo 1338,,
POINT (-77.0229252 38.9266355),Nodo 1339,,
POINT (-77.0229842 38.9272198),Nodo 1340,,
POINT (-77.0325352 38.9275066),Nodo 1341,,
POINT (-77.0297672 38.9276234),Nodo 1342,,
POINT (-77.0311083 38.9267303),Nodo 1343,,
POINT (-77.0297457 38.9272436),Nodo 1344,,
POINT (-77.0271927 38.9272831),Nodo 1345,,
POINT (-77.0272517 38.9277255),Nodo 1346,,
POINT (-77.0261252 38.9278214),Nodo 1347,,
POINT (-77.0260273 38.9278256),Nodo 1348,,
POINT (-77.0260511 38.9273396),Nodo 1349,,
POINT (-77.0259519 38.9273454),Nodo 1350,,
POINT (-77.0259092 38.9271143),Nodo 1351,,
POINT (-77.0241389 38.9270131),Nodo 1352,,
POINT (-77.0242086 38.9272844),Nodo 1353,,
POINT (-77.0242516 38.9275348),Nodo 1354,,
POINT (-77.0242891 38.9277768),Nodo 1355,,
POINT (-77.0243213 38.9279938),Nodo 1356,,
POINT (-77.0231384 38.928119),Nodo 1357,,
POINT (-77.0230419 38.9276224),Nodo 1358,,
POINT (-77.0364949 38.926863),Nodo 1359,,
POINT (-77.0367256 38.927009),Nodo 1360,,
POINT (-77.0367203 38.9271426),Nodo 1361,,
POINT (-77.0365271 38.9271885),Nodo 1362,,
POINT (-77.0364836 38.928682),Nodo 1363,,
POINT (-77.0361993 38.9286653),Nodo 1364,,
POINT (-77.0353088 38.9286486),Nodo 1365,,
POINT (-77.0346329 38.9286736),Nodo 1366,,
POINT (-77.0326523 38.9287613),Nodo 1367,,
POINT (-77.0325504 38.9280226),Nodo 1368,,
POINT (-77.0332638 38.9280101),Nodo 1369,,
POINT (-77.0332156 38.9274885),Nodo 1370,,
POINT (-77.0317834 38.9286719),Nodo 1371,,
POINT (-77.0304799 38.9286302),Nodo 1372,,
POINT (-77.0318114 38.9275452),Nodo 1373,,
POINT (-77.0297086 38.9286135),Nodo 1374,,
POINT (-77.0278739 38.9286636),Nodo 1375,,
POINT (-77.0278739 38.928192),Nodo 1376,,
POINT (-77.0292365 38.927662),Nodo 1377,,
POINT (-77.0277506 38.9277413),Nodo 1378,,
POINT (-77.0275141 38.9287095),Nodo 1379,,
POINT (-77.0270474 38.9287262),Nodo 1380,,
POINT (-77.0268811 38.9277789),Nodo 1381,,
POINT (-77.026924 38.9280919),Nodo 1382,,
POINT (-77.026629 38.9287763),Nodo 1383,,
POINT (-77.0262916 38.9288087),Nodo 1384,,
POINT (-77.0261784 38.9288191),Nodo 1385,,
POINT (-77.0258538 38.9288493),Nodo 1386,,
POINT (-77.025676 38.9279231),Nodo 1387,,
POINT (-77.0239594 38.9290624),Nodo 1388,,
POINT (-77.0232299 38.9290415),Nodo 1389,,
POINT (-77.0364285 38.9291539),Nodo 1390,,
POINT (-77.036477 38.9299708),Nodo 1391,,
POINT (-77.0368315 38.9305926),Nodo 1392,,
POINT (-77.0364667 38.9304716),Nodo 1393,,
POINT (-77.0364466 38.9307679),Nodo 1394,,
POINT (-77.0364627 38.9316525),Nodo 1395,,
POINT (-77.0359933 38.9314439),Nodo 1396,,
POINT (-77.0348695 38.9310287),Nodo 1397,,
POINT (-77.0327746 38.9302849),Nodo 1398,,
POINT (-77.0318841 38.929684),Nodo 1399,,
POINT (-77.0318144 38.9291164),Nodo 1400,,
POINT (-77.0303285 38.9291748),Nodo 1401,,
POINT (-77.0303231 38.9286574),Nodo 1402,,
POINT (-77.030366 38.9296589),Nodo 1403,,
POINT (-77.0297276 38.9296589),Nodo 1404,,
POINT (-77.0277603 38.9296798),Nodo 1405,,
POINT (-77.0264544 38.9297941),Nodo 1406,,
POINT (-77.0263404 38.9298149),Nodo 1407,,
POINT (-77.0271464 38.9287717),Nodo 1408,,
POINT (-77.0263605 38.9290492),Nodo 1409,,
POINT (-77.0257774 38.929887),Nodo 1410,,
POINT (-77.0240554 38.9300122),Nodo 1411,,
POINT (-77.0233871 38.9300202),Nodo 1412,,
POINT (-77.0308585 38.9309453),Nodo 1413,,
POINT (-77.0297266 38.9313167),Nodo 1414,,
POINT (-77.0297051 38.9306949),Nodo 1415,,
POINT (-77.0292545 38.9307199),Nodo 1416,,
POINT (-77.0290829 38.9306657),Nodo 1417,,
POINT (-77.0279188 38.9301566),Nodo 1418,,
POINT (-77.0279778 38.9306907),Nodo 1419,,
POINT (-77.0281655 38.9312874),Nodo 1420,,
POINT (-77.0282728 38.9318299),Nodo 1421,,
POINT (-77.0275486 38.9320761),Nodo 1422,,
POINT (-77.0277149 38.9313542),Nodo 1423,,
POINT (-77.0272697 38.9312374),Nodo 1424,,
POINT (-77.0270658 38.9307283),Nodo 1425,,
POINT (-77.0268392 38.9323036),Nodo 1426,,
POINT (-77.0267063 38.9323293),Nodo 1427,,
POINT (-77.0267479 38.9318067),Nodo 1428,,
POINT (-77.0266071 38.9317649),Nodo 1429,,
POINT (-77.0265831 38.9307746),Nodo 1430,,
POINT (-77.026465 38.9307892),Nodo 1431,,
POINT (-77.0242161 38.9305116),Nodo 1432,,
POINT (-77.0243073 38.930979),Nodo 1433,,
POINT (-77.0235455 38.931053),Nodo 1434,,
POINT (-77.0258889 38.9318484),Nodo 1435,,
POINT (-77.0236949 38.9320278),Nodo 1436,,
POINT (-77.0364954 38.9326135),Nodo 1437,,
POINT (-77.0357908 38.9323518),Nodo 1438,,
POINT (-77.0327716 38.9312762),Nodo 1439,,
POINT (-77.0321805 38.93152),Nodo 1440,,
POINT (-77.030885 38.9319603),Nodo 1441,,
POINT (-77.0302544 38.9322054),Nodo 1442,,
POINT (-77.0297367 38.9323702),Nodo 1443,,
POINT (-77.0296938 38.9318777),Nodo 1444,,
POINT (-77.0284949 38.9327812),Nodo 1445,,
POINT (-77.0284359 38.9324536),Nodo 1446,,
POINT (-77.028393 38.9322971),Nodo 1447,,
POINT (-77.0276688 38.9329084),Nodo 1448,,
POINT (-77.0274596 38.9328375),Nodo 1449,,
POINT (-77.0270492 38.9327561),Nodo 1450,,
POINT (-77.0268876 38.9327284),Nodo 1451,,
POINT (-77.0267555 38.932742),Nodo 1452,,
POINT (-77.026357 38.9334094),Nodo 1453,,
POINT (-77.0247315 38.9335595),Nodo 1454,,
POINT (-77.0262248 38.9328067),Nodo 1455,,
POINT (-77.0257929 38.9328484),Nodo 1456,,
POINT (-77.0256991 38.9323685),Nodo 1457,,
POINT (-77.0246181 38.9329444),Nodo 1458,,
POINT (-77.0244599 38.9329465),Nodo 1459,,
POINT (-77.0238249 38.9330203),Nodo 1460,,
POINT (-77.0364263 38.9332398),Nodo 1461,,
POINT (-77.0327624 38.9319045),Nodo 1462,,
POINT (-77.0327302 38.9324857),Nodo 1463,,
POINT (-77.0322367 38.9324857),Nodo 1464,,
POINT (-77.0321777 38.9320601),Nodo 1465,,
POINT (-77.0308741 38.9324607),Nodo 1466,,
POINT (-77.0364585 38.9344136),Nodo 1467,,
POINT (-77.0353051 38.9339954),Nodo 1468,,
POINT (-77.0341142 38.9335552),Nodo 1469,,
POINT (-77.0327919 38.9334759),Nodo 1470,,
POINT (-77.0327329 38.9331859),Nodo 1471,,
POINT (-77.032226 38.9331629),Nodo 1472,,
POINT (-77.0322233 38.9328228),Nodo 1473,,
POINT (-77.0308875 38.9328249),Nodo 1474,,
POINT (-77.0308875 38.9331879),Nodo 1475,,
POINT (-77.036457 38.9349324),Nodo 1476,,
POINT (-77.0353895 38.9345444),Nodo 1477,,
POINT (-77.0352875 38.9346737),Nodo 1478,,
POINT (-77.0349764 38.9345277),Nodo 1479,,
POINT (-77.0345043 38.9343608),Nodo 1480,,
POINT (-77.0332544 38.9341563),Nodo 1481,,
POINT (-77.0330023 38.9338433),Nodo 1482,,
POINT (-77.0327287 38.9338725),Nodo 1483,,
POINT (-77.0322352 38.93386),Nodo 1484,,
POINT (-77.032203 38.9335137),Nodo 1485,,
POINT (-77.030878 38.933522),Nodo 1486,,
POINT (-77.0309048 38.9338517),Nodo 1487,,
POINT (-77.036221 38.9348824),Nodo 1488,,
POINT (-77.0364494 38.9367985),Nodo 1489,,
POINT (-77.0360953 38.9367798),Nodo 1490,,
POINT (-77.0359202 38.9365224),Nodo 1491,,
POINT (-77.0354576 38.9360567),Nodo 1492,,
POINT (-77.0358787 38.9354329),Nodo 1493,,
POINT (-77.0348282 38.9354942),Nodo 1494,,
POINT (-77.0349811 38.93515),Nodo 1495,,
POINT (-77.0341738 38.9348474),Nodo 1496,,
POINT (-77.0343106 38.9346242),Nodo 1497,,
POINT (-77.0335035 38.9351621),Nodo 1498,,
POINT (-77.0327537 38.9349931),Nodo 1499,,
POINT (-77.0327537 38.9345759),Nodo 1500,,
